CREATE TABLE CITY
(CNAME VARCHAR(15) NOT NULL,
STATE VARCHAR(15), 
COUNTRY VARCHAR(30),
PRIMARY KEY(CNAME))ENGINE=MyISAM DEFAULT CHARSET=latin1;

INSERT INTO CITY (CNAME, STATE, COUNTRY) VALUES('Louisville','Kentucky','United States');
INSERT INTO CITY (CNAME, STATE, COUNTRY) VALUES ('Chandigarh','Chandigarh','India');
INSERT INTO CITY (CNAME, STATE, COUNTRY) VALUES ('Fort Worth','Texas','United States');
INSERT INTO CITY (CNAME, STATE, COUNTRY) VALUES('Delhi','Delhi','India');
INSERT INTO CITY (CNAME, STATE, COUNTRY) VALUES('Mumbai','Maharashtra','India');
INSERT INTO CITY (CNAME, STATE, COUNTRY) VALUES('San Francisco', 'California', 'United States');
INSERT INTO CITY (CNAME, STATE, COUNTRY) VALUES('Frankfurt','Hesse','Germany');
INSERT INTO CITY (CNAME, STATE, COUNTRY) VALUES('Houston','Texas','United States');
INSERT INTO CITY (CNAME, STATE, COUNTRY) VALUES('New York City','New York','United States');
INSERT INTO CITY (CNAME, STATE, COUNTRY) VALUES('Tampa', 'Florida', 'United States');

CREATE TABLE AIRPORT
(AP_NAME VARCHAR(100) NOT NULL,
STATE VARCHAR(15), 
COUNTRY VARCHAR(30),
CNAME VARCHAR(15),
PRIMARY KEY(AP_NAME),
FOREIGN KEY(CNAME) REFERENCES CITY(CNAME) ON DELETE CASCADE)ENGINE=MyISAM DEFAULT CHARSET=latin1;

INSERT INTO AIRPORT (AP_NAME, STATE, COUNTRY, CNAME) VALUES('Louisville International Airport','Kentucky','United States','Louisville');
INSERT INTO AIRPORT (AP_NAME, STATE, COUNTRY, CNAME) VALUES('Chandigarh International Airport','Chandigarh','India','Chandigarh');
INSERT INTO AIRPORT (AP_NAME, STATE, COUNTRY, CNAME) VALUES('Dallas/Fort Worth International Airport','Texas','United States','Fort Worth');
INSERT INTO AIRPORT (AP_NAME, STATE, COUNTRY, CNAME) VALUES('Indira GandhiInternational Airport','Delhi','India','Delhi');
INSERT INTO AIRPORT (AP_NAME, STATE, COUNTRY, CNAME) VALUES('Chhatrapati Shivaji International Airport','Maharashtra','India','Mumbai');
INSERT INTO AIRPORT (AP_NAME, STATE, COUNTRY, CNAME) VALUES('San Francisco International Airport','California', 'United States','San Francisco');
INSERT INTO AIRPORT (AP_NAME, STATE, COUNTRY, CNAME) VALUES('Frankfurt Airport','Hesse','Germany','Frankfurt');
INSERT INTO AIRPORT (AP_NAME, STATE, COUNTRY, CNAME) VALUES('George Bush Intercontinental Airport','Texas','United States','Houston');
INSERT INTO AIRPORT (AP_NAME, STATE, COUNTRY, CNAME) VALUES('John F. Kennedy International Airport','New York','United States','New York City');
INSERT INTO AIRPORT (AP_NAME, STATE, COUNTRY, CNAME) VALUES('Tampa International Airport','Florida', 'United States','Tampa');

CREATE TABLE AIRLINE
(AIRLINEID VARCHAR(3) NOT NULL,
AL_NAME VARCHAR(50),
THREE_DIGIT_CODE VARCHAR(3),
PRIMARY KEY(AIRLINEID))ENGINE=MyISAM DEFAULT CHARSET=latin1;


INSERT INTO AIRLINE (AIRLINEID, AL_NAME, THREE_DIGIT_CODE) VALUES('AA','American Airlines','001');
INSERT INTO AIRLINE (AIRLINEID, AL_NAME, THREE_DIGIT_CODE) VALUES('AI','Air India Limited','098');
INSERT INTO AIRLINE (AIRLINEID, AL_NAME, THREE_DIGIT_CODE) VALUES('LH','Lufthansa', '220');
INSERT INTO AIRLINE (AIRLINEID, AL_NAME, THREE_DIGIT_CODE) VALUES('BA','British Airways','125');
INSERT INTO AIRLINE (AIRLINEID, AL_NAME, THREE_DIGIT_CODE) VALUES('QR','Qatar Airways','157');
INSERT INTO AIRLINE (AIRLINEID, AL_NAME, THREE_DIGIT_CODE) VALUES('9W','Jet Airways','589');
INSERT INTO AIRLINE (AIRLINEID, AL_NAME, THREE_DIGIT_CODE) VALUES('EK','Emirates','176');
INSERT INTO AIRLINE (AIRLINEID, AL_NAME, THREE_DIGIT_CODE) VALUES('EY','Ethiad Airways','607');

CREATE TABLE CONTAINS
(AIRLINEID VARCHAR(3) NOT NULL,
AP_NAME VARCHAR(100) NOT NULL,
PRIMARY KEY(AIRLINEID, AP_NAME),
FOREIGN KEY(AIRLINEID) REFERENCES AIRLINE(AIRLINEID) ON DELETE CASCADE,
FOREIGN KEY(AP_NAME) REFERENCES AIRPORT(AP_NAME) ON DELETE CASCADE)ENGINE=MyISAM DEFAULT CHARSET=latin1;


INSERT INTO CONTAINS (AIRLINEID, AP_NAME) VALUES('AA','Louisville International Airport');
INSERT INTO CONTAINS (AIRLINEID, AP_NAME) VALUES('AA','John F. Kennedy International Airport');
INSERT INTO CONTAINS (AIRLINEID, AP_NAME) VALUES('AA','George Bush Intercontinental Airport');
INSERT INTO CONTAINS (AIRLINEID, AP_NAME) VALUES('AA','San Francisco International Airport');
INSERT INTO CONTAINS (AIRLINEID, AP_NAME) VALUES('AA','Tampa International Airport');

INSERT INTO CONTAINS (AIRLINEID, AP_NAME) VALUES('AI','Chandigarh International Airport');
INSERT INTO CONTAINS (AIRLINEID, AP_NAME) VALUES('AI','Dallas/Fort Worth International Airport');
INSERT INTO CONTAINS (AIRLINEID, AP_NAME) VALUES('AI','Indira GandhiInternational Airport');
INSERT INTO CONTAINS (AIRLINEID, AP_NAME) VALUES('AI','Chhatrapati Shivaji International Airport');
INSERT INTO CONTAINS (AIRLINEID, AP_NAME) VALUES('AI','George Bush Intercontinental Airport');

INSERT INTO CONTAINS (AIRLINEID, AP_NAME) VALUES('LH','Chhatrapati Shivaji International Airport');
INSERT INTO CONTAINS (AIRLINEID, AP_NAME) VALUES('LH','Frankfurt Airport');
INSERT INTO CONTAINS (AIRLINEID, AP_NAME) VALUES('LH','John F. Kennedy International Airport');
INSERT INTO CONTAINS (AIRLINEID, AP_NAME) VALUES('LH','San Francisco International Airport');
INSERT INTO CONTAINS (AIRLINEID, AP_NAME) VALUES('LH','Dallas/Fort Worth International Airport');

INSERT INTO CONTAINS (AIRLINEID, AP_NAME) VALUES('BA','John F. Kennedy International Airport');
INSERT INTO CONTAINS (AIRLINEID, AP_NAME) VALUES('BA','Chhatrapati Shivaji International Airport');
INSERT INTO CONTAINS (AIRLINEID, AP_NAME) VALUES('BA','Chandigarh International Airport');
INSERT INTO CONTAINS (AIRLINEID, AP_NAME) VALUES('BA','Frankfurt Airport');
INSERT INTO CONTAINS (AIRLINEID, AP_NAME) VALUES('BA','San Francisco International Airport');

INSERT INTO CONTAINS (AIRLINEID, AP_NAME) VALUES('QR','Chhatrapati Shivaji International Airport');
INSERT INTO CONTAINS (AIRLINEID, AP_NAME) VALUES('QR','Dallas/Fort Worth International Airport');
INSERT INTO CONTAINS (AIRLINEID, AP_NAME) VALUES('QR','John F. Kennedy International Airport');
INSERT INTO CONTAINS (AIRLINEID, AP_NAME) VALUES('QR','Tampa International Airport');
INSERT INTO CONTAINS (AIRLINEID, AP_NAME) VALUES('QR','Louisville International Airport');

CREATE TABLE FLIGHT
(FLIGHT_CODE VARCHAR(10) NOT NULL,
SOURCE VARCHAR(3),
DESTINATION VARCHAR(3),
ARRIVAL VARCHAR(10),
DEPARTURE VARCHAR(10),
STATUS VARCHAR(10),
DURATION VARCHAR(30),
FLIGHTTYPE VARCHAR(10),
LAYOVER_TIME VARCHAR(30),
NO_OF_STOPS INT,
AIRLINEID VARCHAR(3),
PRIMARY KEY(FLIGHT_CODE),
FOREIGN KEY(AIRLINEID) REFERENCES AIRLINE(AIRLINEID) ON DELETE CASCADE)ENGINE=MyISAM DEFAULT CHARSET=latin1;

INSERT INTO FLIGHT(FLIGHT_CODE, SOURCE, DESTINATION, ARRIVAL, DEPARTURE, STATUS, DURATION, FLIGHTTYPE, LAYOVER_TIME, NO_OF_STOPS, AIRLINEID)
VALUES('AI2014','BOM','DFW','02:10','03:15','On-time','24hr','Connecting',3,1,'AI');


INSERT INTO FLIGHT(FLIGHT_CODE, SOURCE, DESTINATION, ARRIVAL, DEPARTURE, STATUS, DURATION, FLIGHTTYPE, LAYOVER_TIME, NO_OF_STOPS, AIRLINEID)
VALUES('QR2305','BOM','DFW','13:00','13:55','Delayed','21hr','Non-stop',0,0,'QR');


INSERT INTO FLIGHT(FLIGHT_CODE, SOURCE, DESTINATION, ARRIVAL, DEPARTURE, STATUS, DURATION, FLIGHTTYPE, LAYOVER_TIME, NO_OF_STOPS, AIRLINEID)
VALUES('EY1234','JFK','TPA','19:20','20:05','On-time','16hrs','Connecting',5,2,'EY');


INSERT INTO FLIGHT(FLIGHT_CODE, SOURCE, DESTINATION, ARRIVAL, DEPARTURE, STATUS, DURATION, FLIGHTTYPE, LAYOVER_TIME, NO_OF_STOPS, AIRLINEID)
VALUES('LH9876','JFK','BOM','05:50','06:35','On-time','18hrs','Non-stop',0,0,'LH');


INSERT INTO FLIGHT(FLIGHT_CODE, SOURCE, DESTINATION, ARRIVAL, DEPARTURE, STATUS, DURATION, FLIGHTTYPE, LAYOVER_TIME, NO_OF_STOPS, AIRLINEID)
VALUES('BA1689','FRA','DEL','10:20','10:55','On-time','14hrs','Non-stop',0,0,'BA');


INSERT INTO FLIGHT(FLIGHT_CODE, SOURCE, DESTINATION, ARRIVAL, DEPARTURE, STATUS, DURATION, FLIGHTTYPE, LAYOVER_TIME, NO_OF_STOPS, AIRLINEID)
VALUES('AA4367','SFO','FRA','18:10','18:55','On-time','21hrs','Non-stop',0,0,'AA');


INSERT INTO FLIGHT(FLIGHT_CODE, SOURCE, DESTINATION, ARRIVAL, DEPARTURE, STATUS, DURATION, FLIGHTTYPE, LAYOVER_TIME, NO_OF_STOPS, AIRLINEID)
VALUES('QR1902','IXC','IAH','22:00','22:50','Delayed','28hrs','Non-stop',5,1,'QR');


INSERT INTO FLIGHT(FLIGHT_CODE, SOURCE, DESTINATION, ARRIVAL, DEPARTURE, STATUS, DURATION, FLIGHTTYPE, LAYOVER_TIME, NO_OF_STOPS, AIRLINEID)
VALUES('BA3056','BOM','DFW','02:15','02:55','On-time','29hrs','Connecting',3,1,'BA');


INSERT INTO FLIGHT(FLIGHT_CODE, SOURCE, DESTINATION, ARRIVAL, DEPARTURE, STATUS, DURATION, FLIGHTTYPE, LAYOVER_TIME, NO_OF_STOPS, AIRLINEID)
VALUES('EK3456','BOM','SFO','18:50','19:40','On-time','30hrs','Non-stop',0,0,'EK');


INSERT INTO FLIGHT(FLIGHT_CODE, SOURCE, DESTINATION, ARRIVAL, DEPARTURE, STATUS, DURATION, FLIGHTTYPE, LAYOVER_TIME, NO_OF_STOPS, AIRLINEID)
VALUES('9W2334','IAH','DEL','23:00','13:45','On-time','23hrs','Direct',0,0,'9W');



CREATE TABLE PASSENGER1
(PID INT NOT NULL,
PASSPORTNO VARCHAR(10) NOT NULL,
PRIMARY KEY(PID, PASSPORTNO))ENGINE=MyISAM DEFAULT CHARSET=latin1;

INSERT INTO PASSENGER1(PID, PASSPORTNO) VALUES(1,'A1234568');
INSERT INTO PASSENGER1(PID, PASSPORTNO) VALUES(2,'B9876541');
INSERT INTO PASSENGER1(PID, PASSPORTNO) VALUES(3,'C2345698');
INSERT INTO PASSENGER1(PID, PASSPORTNO) VALUES(4,'D1002004');
INSERT INTO PASSENGER1(PID, PASSPORTNO) VALUES(5,'X9324666');
INSERT INTO PASSENGER1(PID, PASSPORTNO) VALUES(6,'B8765430');
INSERT INTO PASSENGER1(PID, PASSPORTNO) VALUES(7,'J9801235');
INSERT INTO PASSENGER1(PID, PASSPORTNO) VALUES(8,'A1122334');
INSERT INTO PASSENGER1(PID, PASSPORTNO) VALUES(9,'Q1243567');
INSERT INTO PASSENGER1(PID, PASSPORTNO) VALUES(10,'S1243269');
INSERT INTO PASSENGER1(PID, PASSPORTNO) VALUES(11,'E3277889');
INSERT INTO PASSENGER1(PID, PASSPORTNO) VALUES(12,'K3212322');
INSERT INTO PASSENGER1(PID, PASSPORTNO) VALUES(13,'P3452390');
INSERT INTO PASSENGER1(PID, PASSPORTNO) VALUES(14,'W7543336');
INSERT INTO PASSENGER1(PID, PASSPORTNO) VALUES(15,'R8990566');

CREATE TABLE PASSENGER2
(PASSPORTNO VARCHAR(10) NOT NULL,
FNAME VARCHAR(20),
M VARCHAR(1),
LNAME VARCHAR(20),
ADDRESS VARCHAR(100),
PHONE BIGINT,
AGE INT,
SEX VARCHAR(1),
PRIMARY KEY(PASSPORTNO))ENGINE=MyISAM DEFAULT CHARSET=latin1;


INSERT INTO PASSENGER2(PASSPORTNO,FNAME,M,LNAME,ADDRESS,PHONE,AGE,SEX)
VALUES('A1234568','ALEN','M','SMITH','2230 NORTHSIDE, APT 11, ALBANY, NY',8080367290,30,'M');

INSERT INTO PASSENGER2(PASSPORTNO,FNAME,M,LNAME,ADDRESS,PHONE,AGE,SEX)
VALUES('B9876541','ANKITA','V','AHIR','3456 VIKAS APTS, APT 102,DOMBIVLI, INDIA',8080367280,26,'F');

INSERT INTO PASSENGER2(PASSPORTNO,FNAME,M,LNAME,ADDRESS,PHONE,AGE,SEX)
VALUES('C2345698','KHYATI','A','MISHRA','7820 MCCALLUM COURTS, APT 234, AKRON, OH',8082267280,30,'F');

INSERT INTO PASSENGER2(PASSPORTNO,FNAME,M,LNAME,ADDRESS,PHONE,AGE,SEX)
VALUES('D1002004','ANKITA','S','PATIL','7720 MCCALLUM BLVD, APT 1082, DALLAS, TX',9080367266,23,'F');

INSERT INTO PASSENGER2(PASSPORTNO,FNAME,M,LNAME,ADDRESS,PHONE,AGE,SEX)
VALUES('X9324666','TEJASHREE','B','PANDIT','9082 ESTAES OF RICHARDSON, RICHARDSON, TX',9004360125,28,'F');

INSERT INTO PASSENGER2(PASSPORTNO,FNAME,M,LNAME,ADDRESS,PHONE,AGE,SEX)
VALUES('B8765430','LAKSHMI','P','SHARMA','1110 FIR HILLS, APT 903, AKRON, OH',7666190505,30,'F');

INSERT INTO PASSENGER2(PASSPORTNO,FNAME,M,LNAME,ADDRESS,PHONE,AGE,SEX)
VALUES('J9801235','AKHILESH','D','JOSHI','345 CHATHAM COURTS, APT 678, MUMBAI, INDIA',9080369290,29,'M');

INSERT INTO PASSENGER2(PASSPORTNO,FNAME,M,LNAME,ADDRESS,PHONE,AGE,SEX)
VALUES('A1122334','MANAN','S','LAKHANI','5589 CHTHAM REFLECTIONS, APT 349 HOUSTON, TX',9004335126,25,'F');

INSERT INTO PASSENGER2(PASSPORTNO,FNAME,M,LNAME,ADDRESS,PHONE,AGE,SEX)
VALUES('Q1243567','KARAN','M','MOTANI','4444 FRANKFORD VILLA, APT 77, GUILDERLAND, NY',9727626643,22,'M');

INSERT INTO PASSENGER2(PASSPORTNO,FNAME,M,LNAME,ADDRESS,PHONE,AGE,SEX)
VALUES('S1243269','ROM','A','SOLANKI','7720 MCCALLUM BLVD, APT 2087, DALLAS, TX',9004568903,60,'M');


INSERT INTO PASSENGER2(PASSPORTNO,FNAME,M,LNAME,ADDRESS,PHONE,AGE,SEX)
VALUES('E3277889','John','A','GATES','1234 BAKER APTS, APT 59, HESSE, GERMANY',9724569986,10,'M');

INSERT INTO PASSENGER2(PASSPORTNO,FNAME,M,LNAME,ADDRESS,PHONE,AGE,SEX)
VALUES('K3212322','SARA','B','GOMES','6785 SPLITSVILLA, APT 34, MIAMI, FL',9024569226,15,'F');

INSERT INTO PASSENGER2(PASSPORTNO,FNAME,M,LNAME,ADDRESS,PHONE,AGE,SEX)
VALUES('P3452390','ALIA','V','BHAT','548 MARKET PLACE, SAN Francisco, CA',9734567800,10,'F');

INSERT INTO PASSENGER2(PASSPORTNO,FNAME,M,LNAME,ADDRESS,PHONE,AGE,SEX)
VALUES('W7543336','JOHN','P','SMITH','6666 ROCK HILL, APT 2902, TAMPA, FL',4624569986,55,'M');

INSERT INTO PASSENGER2(PASSPORTNO,FNAME,M,LNAME,ADDRESS,PHONE,AGE,SEX)
VALUES('R8990566','RIA','T','GUPTA','3355 PALENCIA, APT 2065, MUMBAI, INDIA',4724512343,10,'M');


CREATE TABLE PASSENGER3
(PID INT NOT NULL,
FLIGHT_CODE VARCHAR(10),
PRIMARY KEY(PID),
FOREIGN KEY(FLIGHT_CODE) REFERENCES FLIGHT(FLIGHT_CODE) ON DELETE CASCADE)ENGINE=MyISAM DEFAULT CHARSET=latin1;

INSERT INTO PASSENGER3(PID, FLIGHT_CODE) VALUES(1,'AI2014');
INSERT INTO PASSENGER3(PID, FLIGHT_CODE) VALUES(2,'LH9876');
INSERT INTO PASSENGER3(PID, FLIGHT_CODE) VALUES(3,'9W2334');
INSERT INTO PASSENGER3(PID, FLIGHT_CODE) VALUES(4,'QR1902');
INSERT INTO PASSENGER3(PID, FLIGHT_CODE) VALUES(5,'EY1234');
INSERT INTO PASSENGER3(PID, FLIGHT_CODE) VALUES(6,'BA3056');
INSERT INTO PASSENGER3(PID, FLIGHT_CODE) VALUES(7,'9W2334');
INSERT INTO PASSENGER3(PID, FLIGHT_CODE) VALUES(8,'AA4367');
INSERT INTO PASSENGER3(PID, FLIGHT_CODE) VALUES(9,'QR1902');
INSERT INTO PASSENGER3(PID, FLIGHT_CODE) VALUES(10,'EK3456');
INSERT INTO PASSENGER3(PID, FLIGHT_CODE) VALUES(11,'BA1689');
INSERT INTO PASSENGER3(PID, FLIGHT_CODE) VALUES(12,'QR1902');
INSERT INTO PASSENGER3(PID, FLIGHT_CODE) VALUES(13,'AI2014');
INSERT INTO PASSENGER3(PID, FLIGHT_CODE) VALUES(14,'BA1689');
INSERT INTO PASSENGER3(PID, FLIGHT_CODE) VALUES(15,'QR2305');
